company,distance,building,space
skin,pocket,pen,thumb
loaf,cup,oil,bushes
sink,leg,society,birthday
smell,stamp,foot,air
sleep,tail,ground,flag
twig,slave,wash,level
cave,crate,veil,reaction
talk,stop,chalk,battle
grip,act,exchange,chicken
rat,butter,hydrant,earthquake
shade,rest,toothpaste,market
plantation,bag,curtain,memory
bit,babies,screw,plot
planes,tendency,jeans,food
bear,cap,home,porter
oil,week,addition,hole
income,bear,tomatoes,sheep
protest,key,grandmother,attack
fire,cast,roll,self
mailbox,seashore,force,side
jail,note,dinner,winter
knot,force,receipt,agreement
rule,aunt,flowers,chess
hands,trucks,space,cat
cheese,cream,crib,force
receipt,dinosaurs,thought,wing
smash,club,pan,reward
pen,volleyball,floor,spark
stick,loaf,jelly,observation
chess,taste,marble,tramp
bat,throne,dust,grip
snails,celery,dad,view
son,shelf,month,appliance
friction,ticket,seashore,steam
cemetery,income,tank,advice
year,mother,profit,middle
night,jellyfish,desk,ants
behavior,foot,carpenter,frog
grape,care,name,industry
prose,marble,lunchroom,bait
hospital,boundary,pickle,step
cabbage,toe,range,square
pin,memory,town,texture
color,board,knee,trains
bulb,achiever,soda,pencil
room,bikes,loaf,breath
boat,quince,farm,nerve
ship,glove,coast,boundary
root,event,purpose,bulb
